capacity_id,slot_id,role_name,required_count,hours_per_person,man_month_factor,created_at,updated_at,note
"cap_2026_07_11_qc_po","slot_2026_07_11","QC/PO","1","8","1","2026-06-09T08:42:16.028Z","2026-06-09T08:42:16.049Z",""
"cap_2026_07_11_qc_po","slot_2026_07_11","QC/PO","1","8","1","2026-06-09T08:42:15.240Z","2026-06-09T08:42:15.247Z",""
"cap_2026_07_11_qc_po","slot_2026_07_11","QC/PO","1","8","1","2026-06-09T08:42:14.450Z","2026-06-09T08:42:14.458Z",""
"cap_2026_07_11_qc_po","slot_2026_07_11","QC/PO","1","8","1","2026-06-09T08:42:13.674Z","2026-06-09T08:42:13.682Z",""
"cap_2026_07_11_qc_po","slot_2026_07_11","QC/PO","1","8","1","2026-06-09T08:42:12.802Z","2026-06-09T08:42:12.809Z",""
"cap_2026_07_11_qc_po","slot_2026_07_11","QC/PO","1","8","1","2026-06-09T08:42:12.033Z","2026-06-09T08:42:12.044Z",""
"cap_2026_07_11_qc_po","slot_2026_07_11","QC/PO","1","8","1","2026-06-09T08:42:01.538Z","2026-06-09T08:42:01.546Z",""
"cap_2026_07_11_qc_po","slot_2026_07_11","QC/PO","1","8","1","2026-06-09T08:42:00.775Z","2026-06-09T08:42:00.783Z",""
"cap_2026_07_11_qc_po","slot_2026_07_11","QC/PO","1","8","1","2026-06-09T08:41:59.899Z","2026-06-09T08:41:59.906Z",""
"cap_2026_07_11_qc_po","slot_2026_07_11","QC/PO","1","8","1","2026-06-09T08:41:59.140Z","2026-06-09T08:41:59.148Z",""
"cap_2026_07_11_qc_po","slot_2026_07_11","QC/PO","1","8","1","2026-06-09T08:41:58.381Z","2026-06-09T08:41:58.388Z",""
"cap_2026_07_11_qc_po","slot_2026_07_11","QC/PO","1","8","1","2026-06-09T08:41:57.573Z","2026-06-09T08:41:57.580Z",""
"cap_2026_07_11_qc_po","slot_2026_07_11","QC/PO","1","8","1","2026-06-09T08:41:56.739Z","2026-06-09T08:41:56.748Z",""
"cap_2026_07_11_qc_po","slot_2026_07_11","QC/PO","1","8","1","2026-06-09T08:41:55.950Z","2026-06-09T08:41:55.958Z",""
"cap_2026_07_11_qc_po","slot_2026_07_11","QC/PO","1","8","1","2026-06-09T08:41:55.189Z","2026-06-09T08:41:55.196Z",""
"cap_2026_07_11_qc_po","slot_2026_07_11","QC/PO","1","8","1","2026-06-09T08:41:54.440Z","2026-06-09T08:41:54.447Z",""
"cap_2026_07_11_qc_po","slot_2026_07_11","QC/PO","1","8","1","2026-06-09T08:41:53.677Z","2026-06-09T08:41:53.685Z",""
"cap_2026_07_11_qc_po","slot_2026_07_11","QC/PO","1","8","1","2026-06-09T08:41:52.800Z","2026-06-09T08:41:52.810Z",""
"cap_2026_07_11_qc_po","slot_2026_07_11","QC/PO","1","8","1","2026-06-09T08:41:51.992Z","2026-06-09T08:41:52.003Z",""
"cap_2026_07_11_qc_po","slot_2026_07_11","QC/PO","1","8","1","2026-06-09T08:41:51.230Z","2026-06-09T08:41:51.238Z",""
"cap_2026_07_11_qc_po","slot_2026_07_11","QC/PO","1","8","1","2026-06-09T08:41:50.463Z","2026-06-09T08:41:50.471Z",""
"cap_2026_07_11_qc_po","slot_2026_07_11","QC/PO","1","8","1","2026-06-09T08:41:49.710Z","2026-06-09T08:41:49.718Z",""
"cap_2026_07_11_qc_po","slot_2026_07_11","QC/PO","1","8","1","2026-06-09T08:41:48.923Z","2026-06-09T08:41:48.930Z",""
"cap_2026_07_11_qc_po","slot_2026_07_11","QC/PO","1","8","1","2026-06-09T08:41:48.167Z","2026-06-09T08:41:48.175Z",""
"cap_2026_07_11_qc_po","slot_2026_07_11","QC/PO","1","8","1","2026-06-09T08:41:47.230Z","2026-06-09T08:41:47.237Z",""
"cap_2026_07_11_qc_po","slot_2026_07_11","QC/PO","1","8","1","2026-06-09T08:41:46.474Z","2026-06-09T08:41:46.482Z",""
"cap_2026_07_11_qc_po","slot_2026_07_11","QC/PO","1","8","1","2026-06-09T08:41:45.706Z","2026-06-09T08:41:45.716Z",""
"cap_2026_07_11_qc_po","slot_2026_07_11","QC/PO","1","8","1","2026-06-09T08:41:44.917Z","2026-06-09T08:41:44.924Z",""
"cap_2026_07_11_qc_po","slot_2026_07_11","QC/PO","1","8","1","2026-06-09T08:41:44.156Z","2026-06-09T08:41:44.163Z",""
"cap_2026_07_11_qc_po","slot_2026_07_11","QC/PO","1","8","1","2026-06-09T08:41:43.394Z","2026-06-09T08:41:43.402Z",""
"cap_2026_07_11_qc_po","slot_2026_07_11","QC/PO","1","8","1","2026-06-09T08:41:42.639Z","2026-06-09T08:41:42.646Z",""
"cap_2026_07_11_qc_po","slot_2026_07_11","QC/PO","1","8","1","2026-06-09T08:41:41.876Z","2026-06-09T08:41:41.883Z",""
"cap_2026_07_11_qc_po","slot_2026_07_11","QC/PO","1","8","1","2026-06-09T08:41:41.126Z","2026-06-09T08:41:41.134Z",""
"cap_2026_07_11_qc_po","slot_2026_07_11","QC/PO","1","8","1","2026-06-09T08:41:40.264Z","2026-06-09T08:41:40.272Z",""
"cap_2026_07_11_qc_po","slot_2026_07_11","QC/PO","1","8","1","2026-06-09T08:41:13.957Z","2026-06-09T08:41:13.969Z",""
"cap_2026_07_11_qc_po","slot_2026_07_11","QC/PO","1","8","1","2026-06-09T08:41:13.064Z","2026-06-09T08:41:13.077Z",""
"cap_2026_07_11_qc_po","slot_2026_07_11","QC/PO","1","8","1","2026-06-09T08:41:12.161Z","2026-06-09T08:41:12.171Z",""
"cap_2026_07_11_qc_po","slot_2026_07_11","QC/PO","1","8","1","2026-06-09T08:41:11.274Z","2026-06-09T08:41:11.288Z",""
"cap_2026_07_11_qc_po","slot_2026_07_11","QC/PO","1","8","1","2026-06-09T08:41:10.304Z","2026-06-09T08:41:10.316Z",""
"cap_2026_07_11_qc_po","slot_2026_07_11","QC/PO","1","8","1","2026-06-09T08:41:09.312Z","2026-06-09T08:41:09.323Z",""
"cap_2026_07_11_qc_po","slot_2026_07_11","QC/PO","1","8","1","2026-06-09T08:41:08.428Z","2026-06-09T08:41:08.439Z",""
"cap_2026_07_11_qc_po","slot_2026_07_11","QC/PO","1","8","1","2026-06-09T08:41:07.540Z","2026-06-09T08:41:07.552Z",""
"cap_2026_07_11_qc_po","slot_2026_07_11","QC/PO","1","8","1","2026-06-09T08:41:06.687Z","2026-06-09T08:41:06.698Z",""
"cap_2026_07_11_qc_po","slot_2026_07_11","QC/PO","1","8","1","2026-06-09T08:41:04.983Z","2026-06-09T08:41:04.994Z",""
"cap_2026_07_11_qc_po","slot_2026_07_11","QC/PO","1","8","1","2026-06-09T08:41:04.071Z","2026-06-09T08:41:04.084Z",""
"cap_2026_07_11_qc_po","slot_2026_07_11","QC/PO","1","8","1","2026-06-09T08:41:03.175Z","2026-06-09T08:41:03.185Z",""
"cap_2026_06_06_qc_po","slot_2026_06_06","QC/PO","1","8","1","2026-06-09T10:26:37.838Z","2026-06-09T10:26:37.838Z",""
"cap_2026_06_07_qc_po","slot_2026_06_07","QC/PO","1","8","1","2026-06-09T10:26:37.838Z","2026-06-09T10:26:37.838Z",""
"cap_2026_06_13_qc_po","slot_2026_06_13","QC/PO","1","8","1","2026-06-09T10:26:37.838Z","2026-06-09T10:26:37.838Z",""
"cap_2026_06_14_qc_po","slot_2026_06_14","QC/PO","1","8","1","2026-06-09T10:26:37.838Z","2026-06-09T10:26:37.838Z",""
"cap_2026_06_20_qc_po","slot_2026_06_20","QC/PO","1","8","1","2026-06-09T10:26:37.838Z","2026-06-09T10:26:37.838Z",""
"cap_2026_06_21_qc_po","slot_2026_06_21","QC/PO","1","8","1","2026-06-09T10:26:37.838Z","2026-06-09T10:26:37.838Z",""
"cap_2026_06_27_qc_po","slot_2026_06_27","QC/PO","1","8","1","2026-06-09T10:26:37.838Z","2026-06-09T10:26:37.838Z",""
"cap_2026_06_28_qc_po","slot_2026_06_28","QC/PO","1","8","1","2026-06-09T10:26:37.838Z","2026-06-09T10:26:37.838Z",""
"cap_2026_05_02_qc_po","slot_2026_05_02","QC/PO","1","8","1","2026-06-11T08:38:36.571Z","2026-06-11T08:38:36.571Z",""
"cap_2026_05_03_qc_po","slot_2026_05_03","QC/PO","1","8","1","2026-06-11T08:38:36.571Z","2026-06-11T08:38:36.571Z",""
"cap_2026_05_09_qc_po","slot_2026_05_09","QC/PO","1","8","1","2026-06-11T08:38:36.571Z","2026-06-11T08:38:36.571Z",""
"cap_2026_05_10_qc_po","slot_2026_05_10","QC/PO","1","8","1","2026-06-11T08:38:36.571Z","2026-06-11T08:38:36.571Z",""
"cap_2026_05_16_qc_po","slot_2026_05_16","QC/PO","1","8","1","2026-06-11T08:38:36.571Z","2026-06-11T08:38:36.571Z",""
"cap_2026_05_17_qc_po","slot_2026_05_17","QC/PO","1","8","1","2026-06-11T08:38:36.571Z","2026-06-11T08:38:36.571Z",""
"cap_2026_05_23_qc_po","slot_2026_05_23","QC/PO","1","8","1","2026-06-11T08:38:36.571Z","2026-06-11T08:38:36.571Z",""
"cap_2026_05_24_qc_po","slot_2026_05_24","QC/PO","1","8","1","2026-06-11T08:38:36.571Z","2026-06-11T08:38:36.571Z",""
"cap_2026_05_30_qc_po","slot_2026_05_30","QC/PO","1","8","1","2026-06-11T08:38:36.571Z","2026-06-11T08:38:36.571Z",""
"cap_2026_05_31_qc_po","slot_2026_05_31","QC/PO","1","8","1","2026-06-11T08:38:36.571Z","2026-06-11T08:38:36.571Z",""
"cap_2026_07_04_qc_po","slot_2026_07_04","QC/PO","1","8","1","2026-06-11T08:38:49.340Z","2026-06-11T08:38:49.340Z",""
"cap_2026_07_05_qc_po","slot_2026_07_05","QC/PO","1","8","1","2026-06-11T08:38:49.340Z","2026-06-11T08:38:49.340Z",""
"cap_2026_07_12_qc_po","slot_2026_07_12","QC/PO","1","8","1","2026-06-11T08:38:49.340Z","2026-06-11T08:38:49.340Z",""
"cap_2026_07_18_qc_po","slot_2026_07_18","QC/PO","1","8","1","2026-06-11T08:38:49.340Z","2026-06-11T08:38:49.340Z",""
"cap_2026_07_19_qc_po","slot_2026_07_19","QC/PO","1","8","1","2026-06-11T08:38:49.340Z","2026-06-11T08:38:49.340Z",""
"cap_2026_07_25_qc_po","slot_2026_07_25","QC/PO","1","8","1","2026-06-11T08:38:49.340Z","2026-06-11T08:38:49.340Z",""
"cap_2026_07_26_qc_po","slot_2026_07_26","QC/PO","1","8","1","2026-06-11T08:38:49.340Z","2026-06-11T08:38:49.340Z",""
"cap_2026_08_01_qc_po","slot_2026_08_01","QC/PO","1","8","1","2026-06-11T08:38:53.290Z","2026-06-11T08:38:53.290Z",""
"cap_2026_08_02_qc_po","slot_2026_08_02","QC/PO","1","8","1","2026-06-11T08:38:53.290Z","2026-06-11T08:38:53.290Z",""
"cap_2026_08_08_qc_po","slot_2026_08_08","QC/PO","1","8","1","2026-06-11T08:38:53.291Z","2026-06-11T08:38:53.291Z",""
"cap_2026_08_09_qc_po","slot_2026_08_09","QC/PO","1","8","1","2026-06-11T08:38:53.291Z","2026-06-11T08:38:53.291Z",""
"cap_2026_08_15_qc_po","slot_2026_08_15","QC/PO","1","8","1","2026-06-11T08:38:53.291Z","2026-06-11T08:38:53.291Z",""
"cap_2026_08_16_qc_po","slot_2026_08_16","QC/PO","1","8","1","2026-06-11T08:38:53.291Z","2026-06-11T08:38:53.291Z",""
"cap_2026_08_22_qc_po","slot_2026_08_22","QC/PO","1","8","1","2026-06-11T08:38:53.291Z","2026-06-11T08:38:53.291Z",""
"cap_2026_08_23_qc_po","slot_2026_08_23","QC/PO","1","8","1","2026-06-11T08:38:53.291Z","2026-06-11T08:38:53.291Z",""
"cap_2026_08_29_qc_po","slot_2026_08_29","QC/PO","1","8","1","2026-06-11T08:38:53.291Z","2026-06-11T08:38:53.291Z",""
"cap_2026_08_30_qc_po","slot_2026_08_30","QC/PO","1","8","1","2026-06-11T08:38:53.291Z","2026-06-11T08:38:53.291Z",""
"cap_2026_09_05_qc_po","slot_2026_09_05","QC/PO","1","8","1","2026-06-11T08:38:56.967Z","2026-06-11T08:38:56.967Z",""
"cap_2026_09_06_qc_po","slot_2026_09_06","QC/PO","1","8","1","2026-06-11T08:38:56.967Z","2026-06-11T08:38:56.967Z",""
"cap_2026_09_12_qc_po","slot_2026_09_12","QC/PO","1","8","1","2026-06-11T08:38:56.967Z","2026-06-11T08:38:56.967Z",""
"cap_2026_09_13_qc_po","slot_2026_09_13","QC/PO","1","8","1","2026-06-11T08:38:56.967Z","2026-06-11T08:38:56.967Z",""
"cap_2026_09_19_qc_po","slot_2026_09_19","QC/PO","1","8","1","2026-06-11T08:38:56.967Z","2026-06-11T08:38:56.967Z",""
"cap_2026_09_20_qc_po","slot_2026_09_20","QC/PO","1","8","1","2026-06-11T08:38:56.967Z","2026-06-11T08:38:56.967Z",""
"cap_2026_09_26_qc_po","slot_2026_09_26","QC/PO","1","8","1","2026-06-11T08:38:56.967Z","2026-06-11T08:38:56.967Z",""
"cap_2026_09_27_qc_po","slot_2026_09_27","QC/PO","1","8","1","2026-06-11T08:38:56.967Z","2026-06-11T08:38:56.967Z",""
"cap_2026_01_03_qc_po","slot_2026_01_03","QC/PO","1","8","1","2026-09-24T04:02:31.738Z","2026-09-24T04:02:31.738Z",""
"cap_2026_01_04_qc_po","slot_2026_01_04","QC/PO","1","8","1","2026-09-24T04:02:31.738Z","2026-09-24T04:02:31.738Z",""
"cap_2026_01_10_qc_po","slot_2026_01_10","QC/PO","1","8","1","2026-09-24T04:02:31.738Z","2026-09-24T04:02:31.738Z",""
"cap_2026_01_11_qc_po","slot_2026_01_11","QC/PO","1","8","1","2026-09-24T04:02:31.738Z","2026-09-24T04:02:31.738Z",""
"cap_2026_01_17_qc_po","slot_2026_01_17","QC/PO","1","8","1","2026-09-24T04:02:31.738Z","2026-09-24T04:02:31.738Z",""
"cap_2026_01_18_qc_po","slot_2026_01_18","QC/PO","1","8","1","2026-09-24T04:02:31.738Z","2026-09-24T04:02:31.738Z",""
"cap_2026_01_24_qc_po","slot_2026_01_24","QC/PO","1","8","1","2026-09-24T04:02:31.738Z","2026-09-24T04:02:31.738Z",""
"cap_2026_01_25_qc_po","slot_2026_01_25","QC/PO","1","8","1","2026-09-24T04:02:31.738Z","2026-09-24T04:02:31.738Z",""
"cap_2026_01_31_qc_po","slot_2026_01_31","QC/PO","1","8","1","2026-09-24T04:02:31.738Z","2026-09-24T04:02:31.738Z",""
"cap_2026_02_01_qc_po","slot_2026_02_01","QC/PO","1","8","1","2026-09-24T04:02:31.760Z","2026-09-24T04:02:31.760Z",""
"cap_2026_02_07_qc_po","slot_2026_02_07","QC/PO","1","8","1","2026-09-24T04:02:31.760Z","2026-09-24T04:02:31.760Z",""
"cap_2026_02_08_qc_po","slot_2026_02_08","QC/PO","1","8","1","2026-09-24T04:02:31.760Z","2026-09-24T04:02:31.760Z",""
"cap_2026_02_14_qc_po","slot_2026_02_14","QC/PO","1","8","1","2026-09-24T04:02:31.760Z","2026-09-24T04:02:31.760Z",""
"cap_2026_02_15_qc_po","slot_2026_02_15","QC/PO","1","8","1","2026-09-24T04:02:31.760Z","2026-09-24T04:02:31.760Z",""
"cap_2026_02_21_qc_po","slot_2026_02_21","QC/PO","1","8","1","2026-09-24T04:02:31.760Z","2026-09-24T04:02:31.760Z",""
"cap_2026_02_22_qc_po","slot_2026_02_22","QC/PO","1","8","1","2026-09-24T04:02:31.760Z","2026-09-24T04:02:31.760Z",""
"cap_2026_02_28_qc_po","slot_2026_02_28","QC/PO","1","8","1","2026-09-24T04:02:31.760Z","2026-09-24T04:02:31.760Z",""
"cap_2026_03_01_qc_po","slot_2026_03_01","QC/PO","1","8","1","2026-09-24T04:02:31.773Z","2026-09-24T04:02:31.773Z",""
"cap_2026_03_07_qc_po","slot_2026_03_07","QC/PO","1","8","1","2026-09-24T04:02:31.773Z","2026-09-24T04:02:31.773Z",""
"cap_2026_03_08_qc_po","slot_2026_03_08","QC/PO","1","8","1","2026-09-24T04:02:31.773Z","2026-09-24T04:02:31.773Z",""
"cap_2026_03_14_qc_po","slot_2026_03_14","QC/PO","1","8","1","2026-09-24T04:02:31.773Z","2026-09-24T04:02:31.773Z",""
"cap_2026_03_15_qc_po","slot_2026_03_15","QC/PO","1","8","1","2026-09-24T04:02:31.773Z","2026-09-24T04:02:31.773Z",""
"cap_2026_03_21_qc_po","slot_2026_03_21","QC/PO","1","8","1","2026-09-24T04:02:31.773Z","2026-09-24T04:02:31.773Z",""
"cap_2026_03_22_qc_po","slot_2026_03_22","QC/PO","1","8","1","2026-09-24T04:02:31.773Z","2026-09-24T04:02:31.773Z",""
"cap_2026_03_28_qc_po","slot_2026_03_28","QC/PO","1","8","1","2026-09-24T04:02:31.773Z","2026-09-24T04:02:31.773Z",""
"cap_2026_03_29_qc_po","slot_2026_03_29","QC/PO","1","8","1","2026-09-24T04:02:31.773Z","2026-09-24T04:02:31.773Z",""
"cap_2026_04_04_qc_po","slot_2026_04_04","QC/PO","1","8","1","2026-09-24T04:02:31.791Z","2026-09-24T04:02:31.791Z",""
"cap_2026_04_05_qc_po","slot_2026_04_05","QC/PO","1","8","1","2026-09-24T04:02:31.791Z","2026-09-24T04:02:31.791Z",""
"cap_2026_04_11_qc_po","slot_2026_04_11","QC/PO","1","8","1","2026-09-24T04:02:31.791Z","2026-09-24T04:02:31.791Z",""
"cap_2026_04_12_qc_po","slot_2026_04_12","QC/PO","1","8","1","2026-09-24T04:02:31.791Z","2026-09-24T04:02:31.791Z",""
"cap_2026_04_18_qc_po","slot_2026_04_18","QC/PO","1","8","1","2026-09-24T04:02:31.791Z","2026-09-24T04:02:31.791Z",""
"cap_2026_04_19_qc_po","slot_2026_04_19","QC/PO","1","8","1","2026-09-24T04:02:31.791Z","2026-09-24T04:02:31.791Z",""
"cap_2026_04_25_qc_po","slot_2026_04_25","QC/PO","1","8","1","2026-09-24T04:02:31.791Z","2026-09-24T04:02:31.791Z",""
"cap_2026_04_26_qc_po","slot_2026_04_26","QC/PO","1","8","1","2026-09-24T04:02:31.791Z","2026-09-24T04:02:31.791Z",""